"ID","Description","GeneRatio","BgRatio","RichFactor","FoldEnrichment","zScore","pvalue","p.adjust","qvalue","geneID","Count","tissue","module","n_genes_in_module"
"GO:0000786","nucleosome","28/1448","30/3176",0.933333333333333,2.04714548802947,5.27439402380334,3.37748038020232e-08,7.76820487446533e-06,6.89717046062368e-06,"Solyc10g008910/Solyc01g079110/Solyc11g072860/Solyc01g080600/Solyc01g074000/Solyc11g073260/Solyc05g054610/Solyc01g086820/Solyc01g099410/Solyc11g072840/Solyc11g007930/Solyc06g084090/Solyc06g075850/Solyc11g066430/Solyc05g051290/Solyc02g038690/Solyc01g073970/Solyc09g083380/Solyc06g074790/Solyc09g074300/Solyc09g010400/Solyc01g086800/Solyc09g066100/Solyc06g072240/Solyc06g075930/Solyc12g056540/Solyc02g077480/Solyc04g011390",28,"Leaf","turquoise",2037
"GO:0030527","structural constituent of chromatin","27/1448","29/3176",0.931034482758621,2.04210325776338,5.15995195332495,6.99561515351066e-08,8.04495742653726e-06,7.14289126200562e-06,"Solyc10g008910/Solyc01g079110/Solyc11g072860/Solyc01g080600/Solyc01g074000/Solyc11g073260/Solyc05g054610/Solyc01g086820/Solyc01g099410/Solyc11g072840/Solyc11g007930/Solyc06g084090/Solyc06g075850/Solyc11g066430/Solyc02g038690/Solyc01g073970/Solyc09g083380/Solyc06g074790/Solyc09g074300/Solyc09g010400/Solyc01g086800/Solyc09g066100/Solyc06g072240/Solyc06g075930/Solyc12g056540/Solyc02g077480/Solyc04g011390",27,"Leaf","turquoise",2037
"GO:0008017","microtubule binding","36/1448","43/3176",0.837209302325581,1.83630990620583,5.05365450759253,2.38219361423347e-07,1.82634843757899e-05,1.62156337249577e-05,"Solyc07g065210/Solyc07g064970/Solyc09g010810/Solyc12g005250/Solyc10g083310/Solyc03g114380/Solyc04g076310/Solyc03g007130/Solyc03g113680/Solyc07g065880/Solyc05g015320/Solyc01g098980/Solyc04g008040/Solyc05g006550/Solyc03g116370/Solyc01g099270/Solyc03g062700/Solyc04g016080/Solyc12g098630/Solyc04g077540/Solyc11g072820/Solyc10g054080/Solyc11g010920/Solyc03g005620/Solyc09g097860/Solyc09g090320/Solyc03g120810/Solyc06g053780/Solyc04g008720/Solyc02g092950/Solyc03g119220/Solyc05g017980/Solyc01g108670/Solyc03g025470/Solyc07g064030/Solyc11g071730",36,"Leaf","turquoise",2037
"GO:0046982","protein heterodimerization activity","25/1448","28/3176",0.892857142857143,1.95836621941594,4.66205537586479,1.57382647812259e-06,9.0495022492049e-05,8.03479833567849e-05,"Solyc10g008910/Solyc01g079110/Solyc11g072860/Solyc01g080600/Solyc01g074000/Solyc11g073260/Solyc05g054610/Solyc01g086820/Solyc01g099410/Solyc11g072840/Solyc11g007930/Solyc06g084090/Solyc06g075850/Solyc11g066430/Solyc02g038690/Solyc01g073970/Solyc06g074790/Solyc09g074300/Solyc09g010400/Solyc01g086800/Solyc06g072240/Solyc06g075930/Solyc12g056540/Solyc02g077480/Solyc04g011390",25,"Leaf","turquoise",2037
"GO:0016788","hydrolase activity, acting on ester bonds","30/1448","37/3176",0.810810810810811,1.77840824249664,4.35910075054459,9.32285638325351e-06,0.000428851393629661,0.000380765081758143,"Solyc05g013690/Solyc04g050730/Solyc11g006250/Solyc06g064820/Solyc02g077330/Solyc03g006250/Solyc05g050210/Solyc03g121180/Solyc12g017460/Solyc03g111550/Solyc04g050570/Solyc10g008710/Solyc12g049550/Solyc04g081790/Solyc09g009700/Solyc02g071700/Solyc06g065010/Solyc01g095450/Solyc03g006240/Solyc02g068070/Solyc11g072040/Solyc11g031960/Solyc03g121170/Solyc03g019670/Solyc02g071720/Solyc05g043330/Solyc03g119070/Solyc02g071530/Solyc03g005020/Solyc01g100930",30,"Leaf","turquoise",2037
"GO:0003777","microtubule motor activity","23/1448","28/3176",0.821428571428571,1.80169692186267,3.89992402555871,7.52376948305525e-05,0.00247209568728958,0.00219490418001913,"Solyc07g065210/Solyc09g010810/Solyc12g005250/Solyc10g083310/Solyc03g114380/Solyc04g076310/Solyc07g065880/Solyc01g098980/Solyc04g016080/Solyc12g098630/Solyc04g077540/Solyc11g072820/Solyc10g054080/Solyc11g010920/Solyc03g005620/Solyc09g097860/Solyc09g090320/Solyc03g120810/Solyc03g119220/Solyc01g108670/Solyc03g025470/Solyc07g064030/Solyc11g071730",23,"Leaf","turquoise",2037
"GO:0007018","microtubule-based movement","23/1448","28/3176",0.821428571428571,1.80169692186267,3.89992402555871,7.52376948305525e-05,0.00247209568728958,0.00219490418001913,"Solyc07g065210/Solyc09g010810/Solyc12g005250/Solyc10g083310/Solyc03g114380/Solyc04g076310/Solyc07g065880/Solyc01g098980/Solyc04g016080/Solyc12g098630/Solyc04g077540/Solyc11g072820/Solyc10g054080/Solyc11g010920/Solyc03g005620/Solyc09g097860/Solyc09g090320/Solyc03g120810/Solyc03g119220/Solyc01g108670/Solyc03g025470/Solyc07g064030/Solyc11g071730",23,"Leaf","turquoise",2037
"GO:0005524","ATP binding","206/1448","384/3176",0.536458333333333,1.17665170349908,3.37916977268802,0.000452545874242901,0.0130106938844834,0.0115518288951477,"Solyc02g070890/Solyc07g065320/Solyc02g087980/Solyc02g031790/Solyc01g087500/Solyc07g065210/Solyc08g066490/Solyc03g007050/Solyc01g091230/Solyc03g006080/Solyc12g049360/Solyc12g044820/Solyc09g010810/Solyc06g075010/Solyc04g074020/Solyc12g005250/Solyc10g083310/Solyc03g114380/Solyc04g076310/Solyc05g053600/Solyc12g089010/Solyc09g061930/Solyc09g014720/Solyc05g014390/Solyc03g031980/Solyc06g048740/Solyc06g068910/Solyc08g066050/Solyc08g061560/Solyc09g011330/Solyc04g082840/Solyc08g067610/Solyc08g061610/Solyc04g045600/Solyc10g079510/Solyc01g080770/Solyc10g074720/Solyc02g072400/Solyc02g079590/Solyc04g010200/Solyc12g008510/Solyc02g079600/Solyc07g065880/Solyc03g005460/Solyc10g085670/Solyc12g056300/Solyc03g096890/Solyc02g068300/Solyc02g150128/Solyc03g006770/Solyc02g067560/Solyc08g081940/Solyc05g053930/Solyc11g006650/Solyc04g064590/Solyc07g005110/Solyc04g012060/Solyc06g074070/Solyc12g044840/Solyc05g051530/Solyc11g040120/Solyc03g006300/Solyc04g050170/Solyc01g098980/Solyc06g053150/Solyc11g067000/Solyc04g015470/Solyc02g094100/Solyc01g103530/Solyc03g118510/Solyc05g053610/Solyc09g015170/Solyc02g085390/Solyc01g098740/Solyc09g091650/Solyc01g110130/Solyc03g005960/Solyc10g083500/Solyc02g070780/Solyc11g065760/Solyc05g052590/Solyc05g009100/Solyc10g079170/Solyc12g005450/Solyc02g014030/Solyc04g015460/Solyc03g113450/Solyc03g093260/Solyc01g108400/Solyc03g043770/Solyc12g014350/Solyc02g068660/Solyc02g071820/Solyc04g016080/Solyc09g098290/Solyc11g007250/Solyc07g005020/Solyc01g079500/Solyc12g098630/Solyc02g077630/Solyc09g008860/Solyc05g005060/Solyc06g053810/Solyc04g077540/Solyc01g111950/Solyc11g013240/Solyc08g077990/Solyc03g064010/Solyc04g075000/Solyc09g011990/Solyc02g093990/Solyc12g036330/Solyc03g082470/Solyc12g088040/Solyc07g063710/Solyc11g072820/Solyc10g054080/Solyc03g026040/Solyc07g053820/Solyc09g091660/Solyc02g092070/Solyc09g042660/Solyc05g015150/Solyc05g018510/Solyc03g044160/Solyc12g098960/Solyc11g010920/Solyc08g074980/Solyc02g070000/Solyc04g008370/Solyc03g093250/Solyc03g113060/Solyc01g006520/Solyc02g078170/Solyc09g075910/Solyc04g079710/Solyc03g033610/Solyc03g005620/Solyc07g017540/Solyc01g111570/Solyc10g080680/Solyc07g055400/Solyc03g120980/Solyc03g033840/Solyc12g008500/Solyc03g093330/Solyc12g096710/Solyc10g005880/Solyc02g082180/Solyc09g097860/Solyc08g066310/Solyc09g007730/Solyc11g020280/Solyc01g008500/Solyc01g101110/Solyc07g005440/Solyc05g008980/Solyc06g082190/Solyc02g086590/Solyc08g066330/Solyc01g112220/Solyc02g062780/Solyc09g090320/Solyc03g120810/Solyc09g007110/Solyc05g010340/Solyc09g015520/Solyc04g077510/Solyc04g008650/Solyc06g005520/Solyc09g030450/Solyc04g074000/Solyc09g009200/Solyc08g075950/Solyc07g042250/Solyc07g065610/Solyc06g065380/Solyc11g007430/Solyc08g007330/Solyc05g047600/Solyc07g065250/Solyc03g119220/Solyc02g081470/Solyc03g096190/Solyc04g014883/Solyc01g108670/Solyc09g065570/Solyc02g090110/Solyc08g067310/Solyc06g048620/Solyc12g098210/Solyc01g008140/Solyc09g075920/Solyc03g025470/Solyc02g084900/Solyc12g010130/Solyc09g091460/Solyc07g064030/Solyc12g006690/Solyc11g071730/Solyc01g079750/Solyc04g009040/Solyc01g109590/Solyc02g068490/Solyc02g068060/Solyc04g072570",206,"Leaf","turquoise",2037
"GO:0006260","DNA replication","12/1448","13/3176",0.923076923076923,2.02464938376541,3.38829831703342,0.000594300866872587,0.0151876888200772,0.0134847214237757,"Solyc03g115050/Solyc03g007550/Solyc05g007450/Solyc11g040120/Solyc01g110130/Solyc02g070780/Solyc02g093300/Solyc07g005020/Solyc01g079500/Solyc02g082180/Solyc01g111550/Solyc07g018300",12,"Leaf","turquoise",2037
"GO:0006270","DNA replication initiation","9/1448","9/3176",1,2.19337016574586,3.2813811276489,0.000839655578614285,0.0160933985901071,0.0142888756360677,"Solyc11g040120/Solyc01g110130/Solyc02g070780/Solyc09g059440/Solyc07g005020/Solyc06g076860/Solyc01g079500/Solyc02g082180/Solyc01g111550",9,"Leaf","turquoise",2037
"GO:0016538","cyclin-dependent protein serine/threonine kinase regulator activity","9/1448","9/3176",1,2.19337016574586,3.2813811276489,0.000839655578614285,0.0160933985901071,0.0142888756360677,"Solyc06g065680/Solyc03g032190/Solyc04g078310/Solyc01g009040/Solyc10g080950/Solyc10g078330/Solyc04g082430/Solyc12g088530/Solyc02g082820",9,"Leaf","turquoise",2037
"GO:0044772","mitotic cell cycle phase transition","9/1448","9/3176",1,2.19337016574586,3.2813811276489,0.000839655578614285,0.0160933985901071,0.0142888756360677,"Solyc06g065680/Solyc03g032190/Solyc04g078310/Solyc01g009040/Solyc10g080950/Solyc10g078330/Solyc04g082430/Solyc12g088530/Solyc02g082820",9,"Leaf","turquoise",2037
"GO:0005515","protein binding","200/1448","376/3176",0.531914893617021,1.16668625837546,3.15064144419121,0.00100076750008477,0.0177058865399613,0.0157205583009267,"Solyc03g096545/Solyc11g056680/Solyc01g086920/Solyc11g072930/Solyc05g005150/Solyc02g070890/Solyc02g087980/Solyc02g031790/Solyc03g096540/Solyc06g043150/Solyc08g066490/Solyc03g007050/Solyc03g006080/Solyc03g043700/Solyc04g074020/Solyc07g061750/Solyc02g068540/Solyc10g052880/Solyc01g009930/Solyc05g009990/Solyc02g082260/Solyc09g061930/Solyc08g016270/Solyc08g029000/Solyc03g121760/Solyc06g048740/Solyc06g068910/Solyc08g061560/Solyc04g014400/Solyc03g096460/Solyc02g083640/Solyc01g080770/Solyc02g072400/Solyc04g008830/Solyc07g065880/Solyc10g085670/Solyc07g006630/Solyc05g051640/Solyc12g056300/Solyc02g080610/Solyc02g150128/Solyc12g014130/Solyc10g080610/Solyc02g067560/Solyc08g081940/Solyc03g114690/Solyc01g009810/Solyc11g012020/Solyc07g008250/Solyc01g060050/Solyc11g011500/Solyc12g100030/Solyc06g074070/Solyc07g008620/Solyc03g120260/Solyc05g051583/Solyc12g100010/Solyc12g006790/Solyc02g080400/Solyc08g014000/Solyc08g062330/Solyc08g078470/Solyc03g006300/Solyc04g050170/Solyc06g008270/Solyc08g083240/Solyc12g099980/Solyc11g006700/Solyc02g093950/Solyc01g103530/Solyc03g118510/Solyc06g074730/Solyc09g015170/Solyc03g005960/Solyc05g012430/Solyc08g077740/Solyc06g052070/Solyc01g068250/Solyc10g008580/Solyc11g011350/Solyc09g005090/Solyc05g009100/Solyc02g090480/Solyc10g079170/Solyc11g011180/Solyc07g042990/Solyc01g009690/Solyc02g093610/Solyc07g066390/Solyc03g116370/Solyc02g062670/Solyc03g113450/Solyc03g093260/Solyc02g080390/Solyc06g072830/Solyc03g043770/Solyc12g014350/Solyc08g013760/Solyc03g095860/Solyc02g071820/Solyc10g017960/Solyc04g016080/Solyc08g077320/Solyc07g008210/Solyc09g098290/Solyc07g008600/Solyc06g053710/Solyc02g077630/Solyc03g093310/Solyc03g064010/Solyc02g094520/Solyc07g005150/Solyc03g082470/Solyc02g080950/Solyc07g008590/Solyc05g010620/Solyc03g026040/Solyc09g089610/Solyc03g093490/Solyc06g082010/Solyc05g015150/Solyc12g042760/Solyc03g093360/Solyc02g070000/Solyc03g093250/Solyc03g083100/Solyc03g096830/Solyc02g084610/Solyc04g063300/Solyc02g038740/Solyc05g012300/Solyc03g111210/Solyc03g033610/Solyc01g107790/Solyc02g087400/Solyc01g086690/Solyc12g008500/Solyc12g009560/Solyc09g075870/Solyc03g093330/Solyc11g005150/Solyc12g096710/Solyc08g066310/Solyc03g044220/Solyc10g075010/Solyc12g040740/Solyc02g086470/Solyc11g020280/Solyc12g017480/Solyc02g067360/Solyc04g005460/Solyc09g007110/Solyc09g015520/Solyc11g066040/Solyc04g073940/Solyc04g076520/Solyc02g037540/Solyc08g067250/Solyc01g111590/Solyc04g008650/Solyc02g079190/Solyc04g008720/Solyc12g044320/Solyc02g092950/Solyc09g030450/Solyc09g098350/Solyc04g074000/Solyc09g090340/Solyc11g012270/Solyc04g064650/Solyc02g088600/Solyc09g010070/Solyc12g042750/Solyc01g008390/Solyc06g075640/Solyc11g040040/Solyc03g063680/Solyc03g096190/Solyc03g096870/Solyc01g102880/Solyc06g048620/Solyc10g084090/Solyc01g008140/Solyc12g006575/Solyc08g080470/Solyc09g091460/Solyc04g082420/Solyc04g078940/Solyc09g008080/Solyc09g008820/Solyc04g009040/Solyc09g074520/Solyc08g042100/Solyc11g017290/Solyc07g047680/Solyc05g006630/Solyc11g005140/Solyc06g052010/Solyc02g068060/Solyc04g072570",200,"Leaf","turquoise",2037
"GO:0003700","DNA-binding transcription factor activity","59/603","192/3176",0.307291666666667,1.61850469872858,4.27961632992202,3.67836043166156e-05,0.00417713283146779,0.003986274824709,"Solyc03g019710/Solyc10g085620/Solyc05g053330/Solyc05g007880/Solyc10g078720/Solyc01g108240/Solyc11g032100/Solyc10g083340/Solyc12g006800/Solyc05g007890/Solyc06g075370/Solyc06g075660/Solyc07g040680/Solyc01g102300/Solyc08g083170/Solyc12g056750/Solyc02g087840/Solyc09g010680/Solyc01g087990/Solyc06g065820/Solyc05g009720/Solyc05g053380/Solyc08g082210/Solyc12g017370/Solyc02g067230/Solyc10g083380/Solyc01g065980/Solyc08g008305/Solyc01g109690/Solyc06g074320/Solyc02g078130/Solyc04g049800/Solyc03g121400/Solyc11g072500/Solyc10g054010/Solyc01g087050/Solyc03g007370/Solyc02g076920/Solyc10g086440/Solyc04g082480/Solyc11g012980/Solyc05g014260/Solyc06g035490/Solyc11g073120/Solyc02g088070/Solyc08g077230/Solyc02g086930/Solyc09g005030/Solyc09g066010/Solyc12g008350/Solyc06g069240/Solyc01g108300/Solyc09g063010/Solyc02g077920/Solyc06g075510/Solyc06g008610/Solyc10g052470/Solyc02g072000/Solyc03g113270",59,"Leaf","blue",1012
"GO:0016036","cellular response to phosphate starvation","6/603","6/3176",1,5.26699834162521,5.0638297500535,4.59025585875581e-05,0.00417713283146779,0.003986274824709,"Solyc01g090890/Solyc08g060920/Solyc12g009480/Solyc09g090360/Solyc05g010060/Solyc02g067160",6,"Leaf","blue",1012
"GO:0055085","transmembrane transport","53/603","178/3176",0.297752808988764,1.56826355115807,3.7770663647894,0.000232037650134116,0.014076950774803,0.0134337586919751,"Solyc07g014680/Solyc06g075650/Solyc01g080870/Solyc09g010530/Solyc12g006050/Solyc06g011350/Solyc03g005555/Solyc07g032490/Solyc09g066410/Solyc04g076950/Solyc03g093140/Solyc01g080680/Solyc02g032100/Solyc08g081810/Solyc08g016500/Solyc11g065820/Solyc07g063930/Solyc07g020790/Solyc02g081600/Solyc03g032080/Solyc02g086650/Solyc02g082410/Solyc03g025190/Solyc04g073960/Solyc03g005980/Solyc04g054730/Solyc01g091870/Solyc07g042000/Solyc08g081890/Solyc02g077270/Solyc02g070530/Solyc03g063730/Solyc04g079520/Solyc10g024360/Solyc08g081190/Solyc07g049320/Solyc11g065830/Solyc10g055630/Solyc10g084940/Solyc03g097940/Solyc06g075440/Solyc02g082450/Solyc10g080340/Solyc12g094420/Solyc02g080480/Solyc12g095810/Solyc09g060100/Solyc02g037550/Solyc10g080880/Solyc11g012700/Solyc08g048290/Solyc09g014610/Solyc06g036100",53,"Leaf","blue",1012
"GO:0020037","heme binding","19/212","127/3176",0.149606299212598,2.24127172782647,3.81760251054584,0.000597715128548285,0.0403239753975181,0.0347006165541454,"Solyc04g054256/Solyc09g092600/Solyc07g055560/Solyc08g075320/Solyc07g019510/Solyc04g071780/Solyc11g063610/Solyc06g050440/Solyc02g077300/Solyc02g070580/Solyc02g079500/Solyc10g007880/Solyc02g083630/Solyc10g007900/Solyc09g092640/Solyc02g021770/Solyc02g014730/Solyc02g083620/Solyc01g007950",19,"Leaf","brown",347
"GO:0004866","endopeptidase inhibitor activity","5/212","14/3176",0.357142857142857,5.35040431266846,4.36227862797285,0.0015386128980378,0.0403239753975181,0.0347006165541454,"Solyc03g098670/Solyc03g020010/Solyc07g007240/Solyc03g098740/Solyc03g019690",5,"Leaf","brown",347
"GO:0043169","cation binding","4/212","9/3176",0.444444444444444,6.65828092243187,4.54550797617808,0.00186269905636729,0.0403239753975181,0.0347006165541454,"Solyc03g096670/Solyc06g051940/Solyc06g076400/Solyc03g007230",4,"Leaf","brown",347
"GO:1902600","proton transmembrane transport","4/212","9/3176",0.444444444444444,6.65828092243187,4.54550797617808,0.00186269905636729,0.0403239753975181,0.0347006165541454,"Solyc08g081820/Solyc11g039980/Solyc01g098190/Solyc01g067710",4,"Leaf","brown",347
"GO:0006979","response to oxidative stress","8/212","37/3176",0.216216216216216,3.23916369199388,3.66346243993913,0.00246445197617746,0.0403239753975181,0.0347006165541454,"Solyc01g080410/Solyc06g050440/Solyc02g077300/Solyc02g079500/Solyc02g083630/Solyc02g083620/Solyc01g007950/Solyc08g080940",8,"Leaf","brown",347
"GO:0008483","transaminase activity","3/212","5/3176",0.6,8.98867924528302,4.78038154232489,0.00265261111526892,0.0403239753975181,0.0347006165541454,"Solyc10g007110/Solyc08g068330/Solyc11g044840",3,"Leaf","brown",347
"GO:0046274","lignin catabolic process","3/212","5/3176",0.6,8.98867924528302,4.78038154232489,0.00265261111526892,0.0403239753975181,0.0347006165541454,"Solyc04g072280/Solyc06g050530/Solyc07g049460",3,"Leaf","brown",347
"GO:0052716","hydroquinone:oxygen oxidoreductase activity","3/212","5/3176",0.6,8.98867924528302,4.78038154232489,0.00265261111526892,0.0403239753975181,0.0347006165541454,"Solyc04g072280/Solyc06g050530/Solyc07g049460",3,"Leaf","brown",347
"GO:0004650","polygalacturonase activity","4/212","10/3176",0.4,5.99245283018868,4.22823591286728,0.00294335586843197,0.0403239753975181,0.0347006165541454,"Solyc07g041650/Solyc01g087280/Solyc02g068400/Solyc01g094970",4,"Leaf","brown",347
"GO:0098542","defense response to other organism","4/212","10/3176",0.4,5.99245283018868,4.22823591286728,0.00294335586843197,0.0403239753975181,0.0347006165541454,"Solyc10g005040/Solyc10g081970/Solyc10g081980/Solyc02g081450",4,"Leaf","brown",347
"GO:0042744","hydrogen peroxide catabolic process","4/26","26/3176",0.153846153846154,18.792899408284,8.27525494565104,4.67321999408793e-05,0.00177582359775341,0.00147575368234356,"Solyc10g076240/Solyc09g007520/Solyc02g092580/Solyc01g006300",4,"Leaf","tan",41
"GO:0004601","peroxidase activity","4/26","36/3176",0.111111111111111,13.5726495726496,6.89154345926284,0.00017415968587723,0.00245968548179712,0.00204405995717212,"Solyc10g076240/Solyc09g007520/Solyc02g092580/Solyc01g006300",4,"Leaf","tan",41
"GO:0006979","response to oxidative stress","4/26","37/3176",0.108108108108108,13.2058212058212,6.78383802806041,0.000194185695931351,0.00245968548179712,0.00204405995717212,"Solyc10g076240/Solyc09g007520/Solyc02g092580/Solyc01g006300",4,"Leaf","tan",41
"GO:0020037","heme binding","6/26","127/3176",0.047244094488189,5.77104784978801,4.98471327537743,0.000432574583135584,0.00410945853978805,0.00341506249843882,"Solyc10g076240/Solyc05g055400/Solyc09g007520/Solyc02g092580/Solyc03g115220/Solyc01g006300",6,"Leaf","tan",41
"GO:0004867","serine-type endopeptidase inhibitor activity","3/26","21/3176",0.142857142857143,17.4505494505494,6.87058371240949,0.000587723228796823,0.00446669653885585,0.00371193618187467,"Solyc03g020030/Solyc03g020040/Solyc06g069400",3,"Leaf","tan",41
"GO:0008061","chitin binding","2/26","8/3176",0.25,30.5384615384615,7.59877422624003,0.0017510218264642,0.0110898049009399,0.00921590434981158,"Solyc10g074440/Solyc01g097280",2,"Leaf","tan",41
"GO:0016787","hydrolase activity","3/26","53/3176",0.0566037735849057,6.91436865021771,3.94424238525683,0.0087012526146223,0.0472353713365211,0.0392537711937848,"Solyc09g075670/Solyc09g075680/Solyc06g069400",3,"Leaf","tan",41
"GO:0006355","regulation of DNA-templated transcription","19/97","226/3176",0.084070796460177,2.7526685521394,4.85172183433732,3.42314545443384e-05,0.00114002518494216,0.00108002385941888,"Solyc11g072600/Solyc04g012050/Solyc04g078640/Solyc10g009290/Solyc04g051360/Solyc04g071770/Solyc01g100660/Solyc04g078840/Solyc12g056590/Solyc09g066360/Solyc08g007270/Solyc01g104650/Solyc09g089930/Solyc08g077110/Solyc04g074700/Solyc05g050560/Solyc06g053840/Solyc03g116890/Solyc03g120500",19,"Leaf","magenta",150
"GO:0009873","ethylene-activated signaling pathway","6/97","23/3176",0.260869565217391,8.54146122814881,6.44184576951969,4.60774593370195e-05,0.00114002518494216,0.00108002385941888,"Solyc04g012050/Solyc04g051360/Solyc04g071770/Solyc12g056590/Solyc09g066360/Solyc09g089930",6,"Leaf","magenta",150
"GO:0003700","DNA-binding transcription factor activity","17/97","192/3176",0.0885416666666667,2.89905498281787,4.8177208391336,4.88582222118067e-05,0.00114002518494216,0.00108002385941888,"Solyc11g072600/Solyc04g012050/Solyc04g078640/Solyc10g009290/Solyc04g051360/Solyc04g071770/Solyc04g078840/Solyc12g056590/Solyc09g066360/Solyc03g114230/Solyc08g007840/Solyc01g104650/Solyc09g089930/Solyc04g074700/Solyc05g050560/Solyc10g080600/Solyc03g116890",17,"Leaf","magenta",150
"GO:0016567","protein ubiquitination","10/139","30/3176",0.333333333333333,7.61630695443645,7.78849925512187,2.65249629402241e-07,2.36072170167994e-05,1.78694487176246e-05,"Solyc12g055710/Solyc12g094610/Solyc01g005160/Solyc06g076040/Solyc02g072080/Solyc04g071030/Solyc04g008100/Solyc01g007040/Solyc01g109200/Solyc01g007010",10,"Leaf","green",209
"GO:0004842","ubiquitin-protein transferase activity","8/139","22/3176",0.363636363636364,8.30869849574886,7.3582986635556,2.09538017199631e-06,9.32444176538359e-05,7.05812268461916e-05,"Solyc12g094610/Solyc01g005160/Solyc06g076040/Solyc02g072080/Solyc04g071030/Solyc04g008100/Solyc01g007040/Solyc01g007010",8,"Leaf","green",209
"GO:0007166","cell surface receptor signaling pathway","5/139","10/3176",0.5,11.4244604316547,7.06244370291702,3.15595086467179e-05,0.000936265423185964,0.00070870475557542,"Solyc12g094610/Solyc06g076040/Solyc02g072080/Solyc06g060690/Solyc06g060680",5,"Leaf","green",209
"GO:0043565","sequence-specific DNA binding","11/139","62/3176",0.17741935483871,4.05384079832908,5.19445277720888,5.66508050567089e-05,0.00126048041251177,0.000954118822007729,"Solyc08g008280/Solyc09g014990/Solyc03g007380/Solyc02g073580/Solyc10g009550/Solyc08g082110/Solyc12g011200/Solyc03g095770/Solyc04g072070/Solyc08g067360/Solyc10g011910",11,"Leaf","green",209
"GO:0061630","ubiquitin protein ligase activity","5/139","18/3176",0.277777777777778,6.34692246203038,4.86621109913461,0.000807101123779612,0.0143664000032771,0.0108746256677674,"Solyc01g005160/Solyc04g071030/Solyc04g008100/Solyc01g007040/Solyc01g007010",5,"Leaf","green",209
"GO:0030247","polysaccharide binding","4/139","12/3176",0.333333333333333,7.61630695443645,4.91184778797488,0.00132199823445715,0.0172665728917807,0.0130699073338139,"Solyc03g083480/Solyc02g086210/Solyc03g083470/Solyc03g119240",4,"Leaf","green",209
"GO:0003700","DNA-binding transcription factor activity","18/139","192/3176",0.09375,2.14208633093525,3.49226352227842,0.00145557588791658,0.0172665728917807,0.0130699073338139,"Solyc03g093560/Solyc03g093540/Solyc03g026280/Solyc03g124110/Solyc08g008280/Solyc03g093550/Solyc09g014990/Solyc03g007380/Solyc12g009240/Solyc10g006130/Solyc10g009550/Solyc08g082110/Solyc12g011200/Solyc03g095770/Solyc04g072070/Solyc08g067360/Solyc08g078190/Solyc10g011910",18,"Leaf","green",209
"GO:0006468","protein phosphorylation","21/139","243/3176",0.0864197530864197,1.97459809929834,3.38165683774983,0.00165738301977833,0.0172665728917807,0.0130699073338139,"Solyc11g020230/Solyc07g055630/Solyc06g062920/Solyc02g082550/Solyc02g079570/Solyc06g082440/Solyc03g078370/Solyc04g077270/Solyc07g055640/Solyc05g009090/Solyc06g060690/Solyc06g005170/Solyc09g005000/Solyc03g083470/Solyc06g060680/Solyc08g066320/Solyc03g117640/Solyc10g075040/Solyc03g119240/Solyc06g005500/Solyc04g007390",21,"Leaf","green",209
"GO:0004672","protein kinase activity","21/139","244/3176",0.0860655737704918,1.96650548413728,3.36104341088965,0.0017460579328767,0.0172665728917807,0.0130699073338139,"Solyc11g020230/Solyc07g055630/Solyc06g062920/Solyc02g082550/Solyc02g079570/Solyc06g082440/Solyc03g078370/Solyc04g077270/Solyc07g055640/Solyc05g009090/Solyc06g060690/Solyc06g005170/Solyc09g005000/Solyc03g083470/Solyc06g060680/Solyc08g066320/Solyc03g117640/Solyc10g075040/Solyc03g119240/Solyc06g005500/Solyc04g007390",21,"Leaf","green",209
"GO:0005509","calcium ion binding","8/139","56/3176",0.142857142857143,3.26413155190134,3.65658137104442,0.00263208874120412,0.0234255897967167,0.017731966256533,"Solyc10g006660/Solyc02g094000/Solyc02g079720/Solyc10g006700/Solyc02g088090/Solyc03g117980/Solyc10g074740/Solyc10g079420",8,"Leaf","green",209
"GO:0015979","photosynthesis","21/147","23/3176",0.91304347826087,19.7267080745342,19.8538286158593,5.25838834519092e-27,4.41704620996038e-25,3.70854756976623e-25,"Solyc06g066640/Solyc03g115980/Solyc12g150101/Solyc02g069450/Solyc06g084050/Solyc06g082950/Solyc08g013670/Solyc06g054260/Solyc01g087040/Solyc10g006530/Solyc02g079950/Solyc09g065910/Solyc08g006930/Solyc03g114930/Solyc12g044280/Solyc06g083680/Solyc02g069460/Solyc09g064500/Solyc09g063130/Solyc06g082940/Solyc07g066150",21,"Leaf","black",187
"GO:0005840","ribosome","14/147","16/3176",0.875,18.9047619047619,15.814879810844,1.24592355798865e-17,5.23287894355234e-16,4.39351991501262e-16,"Solyc05g009570/Solyc07g006000/Solyc02g077990/Solyc05g005880/Solyc07g061900/Solyc07g062190/Solyc06g082750/Solyc02g068090/Solyc02g086740/Solyc12g100160/Solyc07g063960/Solyc12g098890/Solyc06g072470/Solyc01g056780",14,"Leaf","black",187
"GO:0009522","photosystem I","12/147","12/3176",1,21.6054421768707,15.7519824664751,6.22293946161354e-17,1.13954422504041e-15,9.56760188943699e-16,"Solyc06g066640/Solyc02g069450/Solyc06g082950/Solyc08g013670/Solyc06g054260/Solyc08g006930/Solyc12g044280/Solyc06g083680/Solyc02g069460/Solyc09g063130/Solyc06g082940/Solyc07g066150",12,"Leaf","black",187
"GO:0003735","structural constituent of ribosome","14/147","17/3176",0.823529411764706,17.7927170868347,15.29155019265,6.78300133952623e-17,1.13954422504041e-15,9.56760188943699e-16,"Solyc05g009570/Solyc07g006000/Solyc02g077990/Solyc05g005880/Solyc07g061900/Solyc07g062190/Solyc06g082750/Solyc02g068090/Solyc02g086740/Solyc12g100160/Solyc07g063960/Solyc12g098890/Solyc06g072470/Solyc01g056780",14,"Leaf","black",187
"GO:0006412","translation","14/147","17/3176",0.823529411764706,17.7927170868347,15.29155019265,6.78300133952623e-17,1.13954422504041e-15,9.56760188943699e-16,"Solyc05g009570/Solyc07g006000/Solyc02g077990/Solyc05g005880/Solyc07g061900/Solyc07g062190/Solyc06g082750/Solyc02g068090/Solyc02g086740/Solyc12g100160/Solyc07g063960/Solyc12g098890/Solyc06g072470/Solyc01g056780",14,"Leaf","black",187
"GO:0009538","photosystem I reaction center","9/147","9/3176",1,21.6054421768707,13.6351543066531,7.68050369451717e-13,1.0752705172324e-11,9.02796048302896e-12,"Solyc06g066640/Solyc02g069450/Solyc06g082950/Solyc06g054260/Solyc12g044280/Solyc06g083680/Solyc02g069460/Solyc09g063130/Solyc06g082940",9,"Leaf","black",187
"GO:0009523","photosystem II","9/147","11/3176",0.818181818181818,17.6771799628942,12.2043034130194,3.89946765242844e-11,4.67936118291413e-10,3.9287869580858e-10,"Solyc12g150101/Solyc06g084050/Solyc01g087040/Solyc10g006530/Solyc02g079950/Solyc09g065910/Solyc03g114930/Solyc07g054290/Solyc09g064500",9,"Leaf","black",187
"GO:0009654","photosystem II oxygen evolving complex","7/147","8/3176",0.875,18.9047619047619,11.1686801246405,3.0473561139954e-09,3.19972391969517e-08,2.68648499523279e-08,"Solyc02g065400/Solyc01g087040/Solyc10g006530/Solyc02g079950/Solyc03g114930/Solyc02g090030/Solyc09g064500",7,"Leaf","black",187
"GO:0009507","chloroplast","6/147","8/3176",0.75,16.2040816326531,9.48404258304391,2.3078042687688e-07,2.15395065085088e-06,1.80845480710538e-06,"Solyc06g084050/Solyc09g083190/Solyc03g116870/Solyc02g090890/Solyc09g065910/Solyc04g054520",6,"Leaf","black",187
"GO:0009765","photosynthesis, light harvesting","9/147","27/3176",0.333333333333333,7.20181405895692,7.12845132525804,1.75352584890797e-06,1.4729617130827e-05,1.23669717765089e-05,"Solyc12g006140/Solyc01g105050/Solyc12g009200/Solyc12g011280/Solyc01g105030/Solyc06g063370/Solyc10g007690/Solyc07g047850/Solyc09g014520",9,"Leaf","black",187
"GO:0019898","extrinsic component of membrane","4/147","5/3176",0.8,17.2843537414966,8.02672353078512,2.12675255078724e-05,0.000162406558423753,0.000136356383638991,"Solyc01g087040/Solyc10g006530/Solyc02g079950/Solyc03g114930",4,"Leaf","black",187
"GO:0015995","chlorophyll biosynthetic process","4/147","6/3176",0.666666666666667,14.4036281179138,7.23851134623511,6.15044882098681e-05,0.000430531417469077,0.000361473746496593,"Solyc03g115980/Solyc10g008740/Solyc04g015490/Solyc03g118240",4,"Leaf","black",187
"GO:0003755","peptidyl-prolyl cis-trans isomerase activity","5/147","12/3176",0.416666666666667,9.00226757369615,6.11739255245852,0.00012081256172341,0.000780635014212806,0.000655420375341579,"Solyc09g008650/Solyc04g015040/Solyc04g054520/Solyc04g082660/Solyc01g009990",5,"Leaf","black",187
"GO:0005618","cell wall","6/98","19/3176",0.315789473684211,10.234156820623,7.20256771839854,1.45165689735776e-05,0.000406463931260173,0.000361640841096144,"Solyc03g093080/Solyc12g017240/Solyc03g093110/Solyc03g093120/Solyc03g093130/Solyc01g081060",6,"Leaf","pink",152
"GO:0016762","xyloglucan:xyloglucosyl transferase activity","6/98","19/3176",0.315789473684211,10.234156820623,7.20256771839854,1.45165689735776e-05,0.000406463931260173,0.000361640841096144,"Solyc03g093080/Solyc12g017240/Solyc03g093110/Solyc03g093120/Solyc03g093130/Solyc01g081060",6,"Leaf","pink",152
"GO:0044042","glucan metabolic process","6/98","19/3176",0.315789473684211,10.234156820623,7.20256771839854,1.45165689735776e-05,0.000406463931260173,0.000361640841096144,"Solyc03g093080/Solyc12g017240/Solyc03g093110/Solyc03g093120/Solyc03g093130/Solyc01g081060",6,"Leaf","pink",152
"GO:0048046","apoplast","6/98","24/3176",0.25,8.10204081632653,6.23083535165249,6.35251167481919e-05,0.00133402745171203,0.00118691665503201,"Solyc03g093080/Solyc12g017240/Solyc03g093110/Solyc03g093120/Solyc03g093130/Solyc01g081060",6,"Leaf","pink",152
"GO:0010411","xyloglucan metabolic process","5/98","18/3176",0.277777777777778,9.00226757369615,6.07426666018971,0.000157274792482526,0.00264221651370644,0.00235084426658092,"Solyc03g093080/Solyc12g017240/Solyc03g093110/Solyc03g093130/Solyc01g081060",5,"Leaf","pink",152
"GO:0042546","cell wall biogenesis","5/98","20/3176",0.25,8.10204081632653,5.68434278408288,0.000270938520962421,0.00379313929347389,0.003374848243567,"Solyc03g093080/Solyc12g017240/Solyc03g093110/Solyc03g093130/Solyc01g081060",5,"Leaf","pink",152
"GO:0004568","chitinase activity","3/36","8/3176",0.375,33.0833333333333,9.72725232579195,7.20794390112442e-05,0.000991092286404608,0.000853572304080523,"Solyc10g055810/Solyc10g055820/Solyc10g055800",3,"Leaf","greenyellow",46
"GO:0006032","chitin catabolic process","3/36","8/3176",0.375,33.0833333333333,9.72725232579195,7.20794390112442e-05,0.000991092286404608,0.000853572304080523,"Solyc10g055810/Solyc10g055820/Solyc10g055800",3,"Leaf","greenyellow",46
"GO:0008061","chitin binding","3/36","8/3176",0.375,33.0833333333333,9.72725232579195,7.20794390112442e-05,0.000991092286404608,0.000853572304080523,"Solyc10g055810/Solyc10g055820/Solyc10g055800",3,"Leaf","greenyellow",46
"GO:0016998","cell wall macromolecule catabolic process","3/36","8/3176",0.375,33.0833333333333,9.72725232579195,7.20794390112442e-05,0.000991092286404608,0.000853572304080523,"Solyc10g055810/Solyc10g055820/Solyc10g055800",3,"Leaf","greenyellow",46
"GO:0045087","innate immune response","2/36","5/3176",0.4,35.2888888888889,8.21483007852241,0.00122296720035651,0.0134526392039216,0.011586005056009,"Solyc02g092890/Solyc03g044180",2,"Leaf","greenyellow",46
"GO:0016567","protein ubiquitination","3/36","30/3176",0.1,8.82222222222222,4.60860736012207,0.00440212448827846,0.0403528078092192,0.0347536143811458,"Solyc03g123680/Solyc01g009320/Solyc05g056500",3,"Leaf","greenyellow",46
"GO:0003723","RNA binding","18/141","57/3176",0.315789473684211,7.11310190369541,10.0367579184352,1.08066248333972e-11,7.88883612837995e-10,7.39400646495598e-10,"Solyc08g066120/Solyc05g046280/Solyc03g119450/Solyc07g008480/Solyc01g091610/Solyc01g102570/Solyc06g009500/Solyc06g068810/Solyc07g048030/Solyc06g009800/Solyc02g081530/Solyc04g005770/Solyc04g016540/Solyc02g069500/Solyc06g082880/Solyc06g066470/Solyc09g065710/Solyc12g096510",18,"Leaf","red",202
"GO:0005515","protein binding","45/141","376/3176",0.11968085106383,2.69578995020371,7.54725523631015,6.9032696536492e-11,2.51969342358196e-09,2.36164488151157e-09,"Solyc12g009550/Solyc01g106500/Solyc06g048735/Solyc05g046280/Solyc12g006973/Solyc01g102550/Solyc01g096200/Solyc07g008480/Solyc06g007300/Solyc01g091610/Solyc07g041510/Solyc06g009500/Solyc01g081320/Solyc10g011690/Solyc12g042180/Solyc01g109080/Solyc07g005950/Solyc03g123780/Solyc06g068810/Solyc12g009510/Solyc06g009800/Solyc04g077830/Solyc10g076500/Solyc04g005770/Solyc05g054110/Solyc12g099550/Solyc04g016540/Solyc02g069500/Solyc03g093150/Solyc05g009253/Solyc02g086440/Solyc12g006980/Solyc02g081200/Solyc05g013400/Solyc06g082880/Solyc10g047350/Solyc09g014930/Solyc02g089560/Solyc09g065710/Solyc12g005920/Solyc12g096510/Solyc02g083780/Solyc05g051340/Solyc08g066010/Solyc05g014490",45,"Leaf","red",202
"GO:0009451","RNA modification","12/141","31/3176",0.387096774193548,8.71928620452986,9.30785777996365,2.51736067158579e-09,6.12557763419208e-08,5.74134890010794e-08,"Solyc05g046280/Solyc07g008480/Solyc01g091610/Solyc06g009500/Solyc06g068810/Solyc06g009800/Solyc04g005770/Solyc04g016540/Solyc02g069500/Solyc06g082880/Solyc09g065710/Solyc12g096510",12,"Leaf","red",202
"GO:0043531","ADP binding","9/141","33/3176",0.272727272727273,6.1431334622824,6.40051098237584,8.05566098763762e-06,0.000147015813024387,0.000137794201104328,"Solyc05g012890/Solyc11g011080/Solyc11g069020/Solyc04g008205/Solyc03g078300/Solyc09g098100/Solyc01g014840/Solyc12g016220/Solyc12g005520",9,"Leaf","red",202
"GO:0051536","iron-sulfur cluster binding","4/79","8/3176",0.5,20.1012658227848,8.6383214954587,2.30290400364509e-05,0.000794501881257555,0.000715112295868738,"Solyc08g083360/Solyc10g044520/Solyc05g044630/Solyc10g075160",4,"Leaf","purple",109
"GO:0051537","","4/79","8/3176",0.5,20.1012658227848,8.6383214954587,2.30290400364509e-05,0.000794501881257555,0.000715112295868738,"Solyc08g083360/Solyc10g044520/Solyc12g096550/Solyc10g075160",4,"Leaf","purple",109
"GO:0009058","biosynthetic process","4/79","24/3176",0.166666666666667,6.70042194092827,4.47645607379104,0.00258063136297717,0.0488486483562013,0.0439675095807152,"Solyc04g015750/Solyc08g079750/Solyc05g013380/Solyc01g079790",4,"Leaf","purple",109
"GO:0006096","glycolytic process","3/79","13/3176",0.230769230769231,9.27750730282376,4.77569365610754,0.00353975712726097,0.0488486483562013,0.0439675095807152,"Solyc07g065900/Solyc07g066610/Solyc02g062340",3,"Leaf","purple",109
"GO:0051287","NAD binding","3/79","13/3176",0.230769230769231,9.27750730282376,4.77569365610754,0.00353975712726097,0.0488486483562013,0.0439675095807152,"Solyc02g020940/Solyc01g111630/Solyc01g097340",3,"Leaf","purple",109
"GO:0004601","peroxidase activity","51/1160","68/3282",0.75,2.12198275862069,6.91157656460458,1.8586303003762e-11,4.21909078185397e-09,3.59987342388653e-09,"Solyc10g076220/Solyc01g067860/Solyc01g067870/Solyc07g052510/Solyc12g005370/Solyc02g084780/Solyc05g052280/Solyc02g084790/Solyc05g046010/Solyc07g047740/Solyc08g013930/Solyc02g092580/Solyc01g101050/Solyc02g087070/Solyc02g082090/Solyc10g076190/Solyc02g087090/Solyc07g017880/Solyc01g105070/Solyc11g072920/Solyc10g076240/Solyc10g076210/Solyc12g017870/Solyc03g006700/Solyc02g084800/Solyc09g072700/Solyc05g046020/Solyc10g076245/Solyc02g062510/Solyc06g082420/Solyc03g033710/Solyc01g009410/Solyc03g044100/Solyc02g090470/Solyc01g099620/Solyc06g075570/Solyc02g064970/Solyc05g010330/Solyc04g080760/Solyc05g025680/Solyc06g050440/Solyc07g049240/Solyc08g069040/Solyc08g081690/Solyc11g039570/Solyc04g071890/Solyc02g079500/Solyc12g089370/Solyc07g052540/Solyc02g094180/Solyc03g006810",51,"Adv-Root","turquoise",1768
"GO:0042744","hydrogen peroxide catabolic process","45/1160","59/3282",0.76271186440678,2.15794856808884,6.63505524282966,1.13521399094724e-10,1.08937659870796e-08,9.29493596857243e-09,"Solyc10g076220/Solyc01g067860/Solyc01g067870/Solyc07g052510/Solyc12g005370/Solyc02g084780/Solyc05g052280/Solyc02g084790/Solyc05g046010/Solyc07g047740/Solyc08g013930/Solyc02g092580/Solyc01g101050/Solyc02g082090/Solyc10g076190/Solyc07g017880/Solyc01g105070/Solyc11g072920/Solyc10g076240/Solyc10g076210/Solyc12g017870/Solyc03g006700/Solyc02g084800/Solyc09g072700/Solyc05g046020/Solyc10g076245/Solyc02g062510/Solyc06g082420/Solyc03g033710/Solyc01g009410/Solyc03g044100/Solyc02g090470/Solyc02g064970/Solyc05g010330/Solyc04g080760/Solyc06g050440/Solyc07g049240/Solyc08g069040/Solyc11g039570/Solyc04g071890/Solyc02g079500/Solyc12g089370/Solyc07g052540/Solyc02g094180/Solyc03g006810",45,"Adv-Root","turquoise",1768
"GO:0020037","heme binding","110/1160","193/3282",0.569948186528497,1.6125603001608,6.48452198882339,2.08226155485635e-10,1.08937659870796e-08,9.29493596857243e-09,"Solyc10g076220/Solyc01g067860/Solyc12g044954/Solyc01g067870/Solyc07g052510/Solyc04g083140/Solyc12g005370/Solyc02g084780/Solyc05g052280/Solyc02g084790/Solyc05g046010/Solyc07g047740/Solyc08g013930/Solyc10g078220/Solyc02g092580/Solyc01g101050/Solyc02g087070/Solyc02g082090/Solyc07g052370/Solyc04g078340/Solyc10g076190/Solyc02g087090/Solyc01g009370/Solyc04g078270/Solyc07g017880/Solyc01g105070/Solyc11g072920/Solyc03g112030/Solyc10g076240/Solyc10g007900/Solyc10g076210/Solyc12g017870/Solyc06g066230/Solyc01g008640/Solyc03g006700/Solyc02g084800/Solyc05g047530/Solyc12g042480/Solyc09g072700/Solyc05g046020/Solyc10g076245/Solyc06g083440/Solyc02g062510/Solyc06g076160/Solyc10g007890/Solyc03g112040/Solyc06g082420/Solyc03g033710/Solyc12g045020/Solyc01g009410/Solyc07g055560/Solyc06g150137/Solyc07g043460/Solyc03g044100/Solyc01g096670/Solyc10g050890/Solyc08g074260/Solyc02g090470/Solyc10g007960/Solyc04g078290/Solyc07g055350/Solyc12g006460/Solyc05g021390/Solyc09g008910/Solyc09g092600/Solyc09g098030/Solyc06g061023/Solyc02g064970/Solyc11g013810/Solyc05g010330/Solyc10g051020/Solyc09g066400/Solyc04g071780/Solyc04g080760/Solyc05g011940/Solyc07g019510/Solyc06g050440/Solyc02g092250/Solyc10g078240/Solyc09g092640/Solyc12g006860/Solyc07g049240/Solyc08g079420/Solyc08g069040/Solyc02g014730/Solyc07g006140/Solyc11g039570/Solyc04g071890/Solyc01g109150/Solyc11g063610/Solyc02g079500/Solyc02g092860/Solyc11g042420/Solyc03g111970/Solyc12g089370/Solyc09g098770/Solyc07g014670/Solyc04g054258/Solyc07g150149/Solyc06g076800/Solyc07g052540/Solyc07g062500/Solyc06g074180/Solyc02g094180/Solyc03g006810/Solyc06g082730/Solyc04g078140/Solyc10g007880/Solyc09g098010/Solyc02g090340",110,"Adv-Root","turquoise",1768
"GO:0000786","nucleosome","28/1160","31/3282",0.903225806451613,2.55550611790879,6.43285120022439,2.39950792666951e-10,1.08937659870796e-08,9.29493596857243e-09,"Solyc10g008910/Solyc11g073260/Solyc01g074000/Solyc01g080600/Solyc01g086820/Solyc11g066430/Solyc06g074790/Solyc02g077480/Solyc12g056540/Solyc01g086800/Solyc01g079110/Solyc01g099410/Solyc12g011455/Solyc06g084090/Solyc06g075850/Solyc06g075830/Solyc11g073250/Solyc11g007930/Solyc03g071620/Solyc06g074780/Solyc06g075930/Solyc05g054610/Solyc09g074300/Solyc04g011390/Solyc11g072860/Solyc01g073970/Solyc02g038690/Solyc06g005430",28,"Adv-Root","turquoise",1768
"GO:0030527","structural constituent of chromatin","28/1160","31/3282",0.903225806451613,2.55550611790879,6.43285120022439,2.39950792666951e-10,1.08937659870796e-08,9.29493596857243e-09,"Solyc10g008910/Solyc11g073260/Solyc01g074000/Solyc01g080600/Solyc01g086820/Solyc11g066430/Solyc06g074790/Solyc02g077480/Solyc12g056540/Solyc01g086800/Solyc01g079110/Solyc01g099410/Solyc12g011455/Solyc06g084090/Solyc06g075850/Solyc06g075830/Solyc11g073250/Solyc11g007930/Solyc03g071620/Solyc06g074780/Solyc06g075930/Solyc05g054610/Solyc09g074300/Solyc04g011390/Solyc11g072860/Solyc01g073970/Solyc02g038690/Solyc06g005430",28,"Adv-Root","turquoise",1768
"GO:0046982","protein heterodimerization activity","29/1160","33/3282",0.878787878787879,2.48636363636364,6.34405013083389,5.04227186767701e-10,1.90765952327113e-08,1.62768074325012e-08,"Solyc10g008910/Solyc11g073260/Solyc01g074000/Solyc01g080600/Solyc01g086820/Solyc11g066430/Solyc06g074790/Solyc02g077480/Solyc12g056540/Solyc01g086800/Solyc01g079110/Solyc01g099410/Solyc12g011455/Solyc06g084090/Solyc06g075850/Solyc06g075830/Solyc11g073250/Solyc11g007930/Solyc03g071620/Solyc06g074780/Solyc06g075930/Solyc05g054610/Solyc01g067130/Solyc09g074300/Solyc04g011390/Solyc11g072860/Solyc01g073970/Solyc02g038690/Solyc06g005430",29,"Adv-Root","turquoise",1768
"GO:0006979","response to oxidative stress","47/1160","65/3282",0.723076923076923,2.04580901856764,6.29568442404558,9.74411773200437e-10,3.15987817880713e-08,2.6961167859982e-08,"Solyc10g076220/Solyc01g067860/Solyc01g067870/Solyc07g052510/Solyc12g005370/Solyc02g084780/Solyc05g052280/Solyc02g084790/Solyc05g046010/Solyc07g047740/Solyc08g013930/Solyc02g092580/Solyc01g101050/Solyc02g087070/Solyc02g082090/Solyc10g076190/Solyc02g087090/Solyc07g017880/Solyc01g105070/Solyc11g072920/Solyc10g076240/Solyc10g076210/Solyc12g017870/Solyc03g006700/Solyc02g084800/Solyc09g072700/Solyc05g046020/Solyc10g076245/Solyc02g062510/Solyc06g082420/Solyc03g033710/Solyc01g009410/Solyc03g044100/Solyc02g090470/Solyc02g064970/Solyc05g010330/Solyc04g080760/Solyc06g050440/Solyc07g049240/Solyc08g069040/Solyc11g039570/Solyc04g071890/Solyc02g079500/Solyc12g089370/Solyc07g052540/Solyc02g094180/Solyc03g006810",47,"Adv-Root","turquoise",1768
"GO:0004364","glutathione transferase activity","27/1160","32/3282",0.84375,2.38723060344828,5.82963534740834,1.366455249957e-08,3.87731677175298e-07,3.30826007884326e-07,"Solyc09g011520/Solyc09g011510/Solyc09g011630/Solyc09g011590/Solyc01g081250/Solyc07g056420/Solyc09g011500/Solyc07g056480/Solyc09g011550/Solyc07g056470/Solyc07g056500/Solyc07g056440/Solyc07g056510/Solyc10g084960/Solyc10g084400/Solyc09g011560/Solyc06g069040/Solyc09g011650/Solyc12g097080/Solyc09g011490/Solyc09g091130/Solyc01g081270/Solyc09g007150/Solyc02g068900/Solyc10g007635/Solyc03g116120/Solyc05g006750",27,"Adv-Root","turquoise",1768
"GO:0006749","glutathione metabolic process","24/1160","29/3282",0.827586206896552,2.34149821640904,5.36421883750057,1.9189640887173e-07,4.84005386820918e-06,4.12970049501734e-06,"Solyc09g011520/Solyc09g011510/Solyc09g011630/Solyc09g011590/Solyc01g081250/Solyc07g056420/Solyc09g011500/Solyc07g056480/Solyc09g011550/Solyc07g056470/Solyc07g056500/Solyc07g056440/Solyc07g056510/Solyc10g084960/Solyc09g011560/Solyc06g069040/Solyc09g011650/Solyc12g097080/Solyc09g011490/Solyc09g091130/Solyc01g081270/Solyc10g007635/Solyc03g116120/Solyc05g006750",24,"Adv-Root","turquoise",1768
"GO:0009055","electron transfer activity","20/1160","29/3282",0.689655172413793,1.9512485136742,3.80373610175541,0.000221989804693374,0.00397751690774694,0.00339375428252,"Solyc01g090120/Solyc10g037880/Solyc01g108360/Solyc12g005710/Solyc11g006910/Solyc01g108350/Solyc02g094050/Solyc05g054900/Solyc03g116700/Solyc07g150103/Solyc10g050730/Solyc07g008130/Solyc07g008140/Solyc07g052660/Solyc10g050690/Solyc11g042420/Solyc12g005200/Solyc07g008420/Solyc05g055280/Solyc01g104400",20,"Adv-Root","turquoise",1768
"GO:0008061","chitin binding","10/1160","11/3282",0.909090909090909,2.57210031347962,3.86096393421544,0.000222060697973881,0.00397751690774694,0.00339375428252,"Solyc07g009510/Solyc10g055820/Solyc07g005100/Solyc01g097280/Solyc07g009500/Solyc10g055800/Solyc10g055810/Solyc04g072000/Solyc10g074440/Solyc07g005110",10,"Adv-Root","turquoise",1768
"GO:0005576","extracellular region","21/1160","31/3282",0.67741935483871,1.91662958843159,3.7907544561963,0.000227787311897402,0.00397751690774694,0.00339375428252,"Solyc01g106620/Solyc09g006005/Solyc01g106605/Solyc08g077900/Solyc08g077910/Solyc08g077330/Solyc01g106600/Solyc04g081870/Solyc08g080060/Solyc09g007010/Solyc09g007020/Solyc06g049050/Solyc06g051800/Solyc08g007780/Solyc10g083580/Solyc07g006710/Solyc02g092120/Solyc02g088100/Solyc02g092110/Solyc07g063210/Solyc05g052250",21,"Adv-Root","turquoise",1768
"GO:0016788","hydrolase activity, acting on ester bonds","21/1160","31/3282",0.67741935483871,1.91662958843159,3.7907544561963,0.000227787311897402,0.00397751690774694,0.00339375428252,"Solyc06g065530/Solyc06g065010/Solyc06g064980/Solyc11g066700/Solyc12g049550/Solyc03g121170/Solyc03g115960/Solyc11g011110/Solyc06g064960/Solyc03g005910/Solyc01g099050/Solyc03g019670/Solyc02g078910/Solyc02g071700/Solyc01g099030/Solyc02g071690/Solyc11g051060/Solyc10g008810/Solyc02g090210/Solyc04g050730/Solyc01g099020",21,"Adv-Root","turquoise",1768
"GO:0016491","oxidoreductase activity","65/1160","129/3282",0.503875968992248,1.42562149157979,3.64599307260277,0.000248196729766573,0.00402433268978658,0.00343369911857515,"Solyc12g100250/Solyc08g074682/Solyc12g100240/Solyc08g074680/Solyc12g045035/Solyc12g100270/Solyc04g054950/Solyc08g074683/Solyc04g040130/Solyc12g094460/Solyc07g049460/Solyc08g068190/Solyc02g030480/Solyc01g096420/Solyc02g086180/Solyc02g070110/Solyc11g011340/Solyc02g079750/Solyc02g078650/Solyc08g074690/Solyc11g011330/Solyc06g083470/Solyc02g070130/Solyc02g070090/Solyc01g103390/Solyc03g098100/Solyc01g090180/Solyc01g096430/Solyc10g050890/Solyc04g072280/Solyc01g099620/Solyc10g011810/Solyc06g082260/Solyc02g080670/Solyc06g075570/Solyc11g010990/Solyc11g013810/Solyc02g085110/Solyc06g065060/Solyc03g096660/Solyc02g070200/Solyc09g075870/Solyc01g091320/Solyc09g009390/Solyc05g025680/Solyc02g079440/Solyc06g076760/Solyc02g079480/Solyc09g059040/Solyc05g052370/Solyc08g081690/Solyc02g094160/Solyc02g069690/Solyc08g083280/Solyc06g005750/Solyc03g058430/Solyc02g024050/Solyc02g069250/Solyc10g081440/Solyc06g050530/Solyc07g052240/Solyc06g082240/Solyc06g048860/Solyc11g071580/Solyc09g011140",65,"Adv-Root","turquoise",1768
"GO:0008194","UDP-glycosyltransferase activity","36/1160","63/3282",0.571428571428571,1.61674876847291,3.65407533952802,0.000295810243907103,0.00447659502446083,0.00381958490378295,"Solyc06g072880/Solyc07g006800/Solyc04g016230/Solyc06g072870/Solyc01g107780/Solyc09g092500/Solyc03g071850/Solyc12g042600/Solyc07g043170/Solyc01g107820/Solyc12g057080/Solyc05g053400/Solyc07g043480/Solyc02g081690/Solyc06g076550/Solyc05g052870/Solyc08g006330/Solyc12g057070/Solyc11g066680/Solyc10g085880/Solyc08g062220/Solyc09g092480/Solyc04g079030/Solyc03g078490/Solyc04g074390/Solyc11g010780/Solyc10g009580/Solyc11g066670/Solyc10g085860/Solyc04g014990/Solyc12g009930/Solyc12g006430/Solyc09g008510/Solyc04g016210/Solyc05g005930/Solyc12g098580",36,"Adv-Root","turquoise",1768
"GO:0004867","serine-type endopeptidase inhibitor activity","13/1160","17/3282",0.764705882352941,2.16359026369168,3.55584127318801,0.000636464122942587,0.00902983474424796,0.00770456569877869,"Solyc03g020050/Solyc07g054720/Solyc03g020030/Solyc03g020060/Solyc08g080630/Solyc10g086090/Solyc06g061210/Solyc03g020080/Solyc11g021060/Solyc11g020960/Solyc10g086100/Solyc03g020070/Solyc06g069400",13,"Adv-Root","turquoise",1768
"GO:0003824","catalytic activity","41/1160","79/3282",0.518987341772152,1.46837625491052,3.11522461687781,0.00166394710937756,0.0199471512214776,0.0170195957558631,"Solyc08g066890/Solyc06g073583/Solyc12g099260/Solyc10g007110/Solyc04g082030/Solyc02g083730/Solyc10g011925/Solyc01g095080/Solyc09g007910/Solyc09g064940/Solyc08g014240/Solyc03g042560/Solyc10g007290/Solyc04g014510/Solyc10g086180/Solyc03g043880/Solyc02g085100/Solyc01g099910/Solyc06g053520/Solyc02g087780/Solyc02g032860/Solyc06g053510/Solyc04g072800/Solyc04g077240/Solyc01g091330/Solyc09g007130/Solyc08g080130/Solyc02g078570/Solyc02g085180/Solyc11g011380/Solyc07g062810/Solyc10g008200/Solyc12g096240/Solyc11g011300/Solyc02g080640/Solyc11g007730/Solyc04g054710/Solyc04g014730/Solyc02g087770/Solyc01g109720/Solyc12g088220",41,"Adv-Root","turquoise",1768
"GO:0004864","protein phosphatase inhibitor activity","6/1160","6/3282",1,2.82931034482759,3.31551112126022,0.0019332040831388,0.0199471512214776,0.0170195957558631,"Solyc09g091000/Solyc09g090990/Solyc12g096960/Solyc09g090970/Solyc05g054380/Solyc09g090980",6,"Adv-Root","turquoise",1768
"GO:0009738","abscisic acid-activated signaling pathway","6/1160","6/3282",1,2.82931034482759,3.31551112126022,0.0019332040831388,0.0199471512214776,0.0170195957558631,"Solyc09g091000/Solyc09g090990/Solyc12g096960/Solyc09g090970/Solyc05g054380/Solyc09g090980",6,"Adv-Root","turquoise",1768
"GO:0010427","abscisic acid binding","6/1160","6/3282",1,2.82931034482759,3.31551112126022,0.0019332040831388,0.0199471512214776,0.0170195957558631,"Solyc09g091000/Solyc09g090990/Solyc12g096960/Solyc09g090970/Solyc05g054380/Solyc09g090980",6,"Adv-Root","turquoise",1768
"GO:0030570","pectate lyase activity","6/1160","6/3282",1,2.82931034482759,3.31551112126022,0.0019332040831388,0.0199471512214776,0.0170195957558631,"Solyc02g093580/Solyc09g091430/Solyc03g111690/Solyc05g014000/Solyc09g061890/Solyc03g071570",6,"Adv-Root","turquoise",1768
"GO:0038023","signaling receptor activity","6/1160","6/3282",1,2.82931034482759,3.31551112126022,0.0019332040831388,0.0199471512214776,0.0170195957558631,"Solyc09g091000/Solyc09g090990/Solyc12g096960/Solyc09g090970/Solyc05g054380/Solyc09g090980",6,"Adv-Root","turquoise",1768
"GO:0004497","monooxygenase activity","56/1160","119/3282",0.470588235294118,1.33144016227181,2.72262882196019,0.00486538705883181,0.0478877762291444,0.0408594983823908,"Solyc12g044954/Solyc04g083140/Solyc10g078220/Solyc07g052370/Solyc04g078340/Solyc01g009370/Solyc04g078270/Solyc03g112030/Solyc10g007900/Solyc06g066230/Solyc01g008640/Solyc05g047530/Solyc12g042480/Solyc06g076160/Solyc10g007890/Solyc03g112040/Solyc12g045020/Solyc07g055560/Solyc06g150137/Solyc07g043460/Solyc01g096670/Solyc08g074260/Solyc10g007960/Solyc04g078290/Solyc07g055350/Solyc12g006460/Solyc05g021390/Solyc09g008910/Solyc09g092600/Solyc09g098030/Solyc06g061023/Solyc10g051020/Solyc09g066400/Solyc04g071780/Solyc05g011940/Solyc02g092250/Solyc10g078240/Solyc09g092640/Solyc12g006860/Solyc08g079420/Solyc02g014730/Solyc07g006140/Solyc01g109150/Solyc02g092860/Solyc03g111970/Solyc09g098770/Solyc07g014670/Solyc04g054258/Solyc07g150149/Solyc06g076800/Solyc07g062500/Solyc06g074180/Solyc06g082730/Solyc10g007880/Solyc09g098010/Solyc02g090340",56,"Adv-Root","turquoise",1768
"GO:0005975","carbohydrate metabolic process","51/1160","107/3282",0.476635514018692,1.3485497905253,2.70984387484157,0.00514219806357626,0.0478877762291444,0.0408594983823908,"Solyc10g079860/Solyc01g059965/Solyc01g060020/Solyc10g055820/Solyc07g005100/Solyc10g055800/Solyc08g083210/Solyc05g050130/Solyc02g082920/Solyc10g055810/Solyc08g081480/Solyc04g072000/Solyc08g044510/Solyc02g014220/Solyc12g007270/Solyc09g075070/Solyc06g064620/Solyc10g074440/Solyc10g083290/Solyc03g116580/Solyc07g064870/Solyc12g007250/Solyc08g082250/Solyc10g083300/Solyc02g085100/Solyc07g005110/Solyc02g061770/Solyc02g087780/Solyc11g040340/Solyc08g060970/Solyc02g086700/Solyc08g079080/Solyc01g094970/Solyc12g007260/Solyc07g009380/Solyc09g008320/Solyc01g087280/Solyc11g069270/Solyc01g081610/Solyc11g011300/Solyc03g116500/Solyc12g096750/Solyc02g084720/Solyc05g007260/Solyc11g008820/Solyc02g087770/Solyc04g016330/Solyc01g079570/Solyc06g062580/Solyc02g070450/Solyc09g010090",51,"Adv-Root","turquoise",1768
"GO:0008483","transaminase activity","5/1160","5/3282",1,2.82931034482759,3.02617188325134,0.00548494353285354,0.0478877762291444,0.0408594983823908,"Solyc10g007110/Solyc10g008200/Solyc12g096240/Solyc04g054710/Solyc11g044840",5,"Adv-Root","turquoise",1768
"GO:0033897","ribonuclease T2 activity","5/1160","5/3282",1,2.82931034482759,3.02617188325134,0.00548494353285354,0.0478877762291444,0.0408594983823908,"Solyc07g006560/Solyc05g007940/Solyc05g007950/Solyc07g006570/Solyc04g005640",5,"Adv-Root","turquoise",1768
"GO:0016746","acyltransferase activity","5/109","14/3282",0.357142857142857,10.7536041939712,6.77749880616134,5.81145766746671e-05,0.00368646456810055,0.00291036676428991,"Solyc05g053550/Solyc09g091510/Solyc02g063140/Solyc05g013220/Solyc02g085870",5,"Adv-Root","magenta",133
"GO:0010333","terpene synthase activity","5/109","16/3282",0.3125,9.40940366972477,6.24882596399965,0.000120210801133714,0.00368646456810055,0.00291036676428991,"Solyc07g051940/Solyc06g059930/Solyc08g005710/Solyc01g105850/Solyc08g005670",5,"Adv-Root","magenta",133
"GO:0016114","terpenoid biosynthetic process","5/109","16/3282",0.3125,9.40940366972477,6.24882596399965,0.000120210801133714,0.00368646456810055,0.00291036676428991,"Solyc07g051940/Solyc06g059930/Solyc08g005710/Solyc01g105850/Solyc08g005670",5,"Adv-Root","magenta",133
"GO:0016747","acyltransferase activity, transferring groups other than amino-acyl groups","5/109","23/3282",0.217391304347826,6.54567211806941,4.9460357906781,0.000768753622339658,0.0176813333138121,0.0139589473530096,"Solyc05g053550/Solyc09g091510/Solyc02g063140/Solyc05g013220/Solyc02g085870",5,"Adv-Root","magenta",133
"GO:0016829","lyase activity","4/109","15/3282",0.266666666666667,8.02935779816514,5.05670991095504,0.00118424577936138,0.0217901223402495,0.0172027281633548,"Solyc07g051940/Solyc06g059930/Solyc08g005710/Solyc01g105850",4,"Adv-Root","magenta",133
"GO:0005506","iron ion binding","12/109","137/3282",0.0875912408759124,2.63738029866738,3.62811335392275,0.00166551159920696,0.0222368843168339,0.0175554349869741,"Solyc11g066580/Solyc01g088430/Solyc04g150164/Solyc09g092580/Solyc09g092620/Solyc01g094130/Solyc10g080840/Solyc04g071800/Solyc04g054220/Solyc10g080870/Solyc03g115220/Solyc08g014190",12,"Adv-Root","magenta",133
"GO:0004497","monooxygenase activity","11/109","119/3282",0.092436974789916,2.78328579138077,3.67219861207811,0.00169193685019389,0.0222368843168339,0.0175554349869741,"Solyc11g066580/Solyc04g150164/Solyc09g092580/Solyc09g092620/Solyc01g094130/Solyc10g080840/Solyc04g071800/Solyc04g054220/Solyc10g080870/Solyc03g115220/Solyc08g014190",11,"Adv-Root","magenta",133
"GO:0016705","oxidoreductase activity, acting on paired donors, with incorporation or reduction of molecular oxygen","11/109","121/3282",0.0909090909090909,2.7372810675563,3.60854272921363,0.00193766970739528,0.0222832016350457,0.0175920012908256,"Solyc11g066580/Solyc04g150164/Solyc09g092580/Solyc09g092620/Solyc01g094130/Solyc10g080840/Solyc04g071800/Solyc04g054220/Solyc10g080870/Solyc03g115220/Solyc08g014190",11,"Adv-Root","magenta",133
"GO:0006633","fatty acid biosynthetic process","3/109","10/3282",0.3,9.03302752293578,4.71469861161941,0.00360666799435664,0.0368681617200901,0.029106443463229,"Solyc02g063140/Solyc05g013220/Solyc02g085870",3,"Adv-Root","magenta",133
"GO:0004143","ATP-dependent diacylglycerol kinase activity","4/272","5/3282",0.8,9.65294117647059,5.81989101821788,0.000216016680247786,0.0100668142093087,0.00887161105349113,"Solyc03g115370/Solyc06g009270/Solyc05g056420/Solyc07g054830",4,"Adv-Root","brown",439
"GO:0007200","phospholipase C-activating G protein-coupled receptor signaling pathway","4/272","5/3282",0.8,9.65294117647059,5.81989101821788,0.000216016680247786,0.0100668142093087,0.00887161105349113,"Solyc03g115370/Solyc06g009270/Solyc05g056420/Solyc07g054830",4,"Adv-Root","brown",439
"GO:0003924","GTPase activity","7/272","17/3282",0.411764705882353,4.96842560553633,4.93066424888389,0.000234111958356016,0.0100668142093087,0.00887161105349113,"Solyc01g088560/Solyc08g077360/Solyc03g025730/Solyc08g078070/Solyc09g056340/Solyc01g109110/Solyc01g095970",7,"Adv-Root","brown",439
"GO:0005509","calcium ion binding","11/272","46/3282",0.239130434782609,2.88539002557545,3.87061685938316,0.000997275558891874,0.0282491193086115,0.0248951847028156,"Solyc03g118090/Solyc04g082000/Solyc02g094000/Solyc11g071740/Solyc11g071760/Solyc08g007160/Solyc07g062700/Solyc06g150132/Solyc06g073830/Solyc10g081170/Solyc10g079890",11,"Adv-Root","brown",439
"GO:0003700","DNA-binding transcription factor activity","30/272","204/3282",0.147058823529412,1.77443771626298,3.43298251114254,0.00109492710498494,0.0282491193086115,0.0248951847028156,"Solyc06g035700/Solyc04g051360/Solyc08g007830/Solyc02g090770/Solyc01g108240/Solyc07g042230/Solyc08g080290/Solyc08g007820/Solyc08g076010/Solyc02g090400/Solyc03g116890/Solyc10g050970/Solyc08g007840/Solyc01g095100/Solyc05g050560/Solyc08g066660/Solyc01g096120/Solyc02g084680/Solyc06g066540/Solyc10g011910/Solyc06g150130/Solyc06g054630/Solyc01g096050/Solyc05g052410/Solyc11g042560/Solyc03g082840/Solyc06g009640/Solyc02g084630/Solyc05g050830/Solyc08g083170",30,"Adv-Root","brown",439
"GO:0005618","cell wall","7/272","23/3282",0.304347826086957,3.67231457800512,3.86557085355752,0.00191092294102231,0.0308136324239848,0.0271552207408434,"Solyc05g005680/Solyc03g031800/Solyc03g093130/Solyc03g093080/Solyc02g080160/Solyc07g055990/Solyc03g093120",7,"Adv-Root","brown",439
"GO:0016762","xyloglucan:xyloglucosyl transferase activity","7/272","23/3282",0.304347826086957,3.67231457800512,3.86557085355752,0.00191092294102231,0.0308136324239848,0.0271552207408434,"Solyc05g005680/Solyc03g031800/Solyc03g093130/Solyc03g093080/Solyc02g080160/Solyc07g055990/Solyc03g093120",7,"Adv-Root","brown",439
"GO:0044042","glucan metabolic process","7/272","23/3282",0.304347826086957,3.67231457800512,3.86557085355752,0.00191092294102231,0.0308136324239848,0.0271552207408434,"Solyc05g005680/Solyc03g031800/Solyc03g093130/Solyc03g093080/Solyc02g080160/Solyc07g055990/Solyc03g093120",7,"Adv-Root","brown",439
"GO:0005525","GTP binding","6/272","18/3282",0.333333333333333,4.02205882352941,3.86427842696917,0.00242173316302982,0.0312403578030847,0.0275312822744443,"Solyc01g088560/Solyc08g077360/Solyc03g025730/Solyc08g078070/Solyc09g056340/Solyc01g095970",6,"Adv-Root","brown",439
"GO:0006470","protein dephosphorylation","6/272","18/3282",0.333333333333333,4.02205882352941,3.86427842696917,0.00242173316302982,0.0312403578030847,0.0275312822744443,"Solyc07g049560/Solyc04g079120/Solyc07g066260/Solyc01g100040/Solyc01g068000/Solyc06g007190",6,"Adv-Root","brown",439
"GO:0006355","regulation of DNA-templated transcription","34/272","259/3282",0.131274131274131,1.58397683397683,2.94327435976925,0.0037596321009138,0.0440902310016254,0.038855527932889,"Solyc06g035700/Solyc04g051360/Solyc08g007830/Solyc02g090770/Solyc01g108240/Solyc07g042230/Solyc08g080290/Solyc08g007820/Solyc05g056120/Solyc11g068620/Solyc02g090400/Solyc03g116890/Solyc10g050970/Solyc03g118480/Solyc01g095100/Solyc05g050560/Solyc08g066660/Solyc01g096120/Solyc02g084680/Solyc06g066540/Solyc10g011910/Solyc03g115850/Solyc06g150130/Solyc06g054630/Solyc09g097870/Solyc01g096050/Solyc09g065850/Solyc05g052410/Solyc11g042560/Solyc03g082840/Solyc06g009640/Solyc02g084630/Solyc05g050830/Solyc08g083170",34,"Adv-Root","brown",439
"GO:0016538","cyclin-dependent protein serine/threonine kinase regulator activity","5/34","8/3282",0.625,60.3308823529412,17.1878290871923,4.81726383298085e-09,1.03571172409088e-07,8.87390706075419e-08,"Solyc10g078330/Solyc01g009040/Solyc04g082430/Solyc10g080950/Solyc02g082820",5,"Adv-Root","salmon",54
"GO:0044772","mitotic cell cycle phase transition","5/34","8/3282",0.625,60.3308823529412,17.1878290871923,4.81726383298085e-09,1.03571172409088e-07,8.87390706075419e-08,"Solyc10g078330/Solyc01g009040/Solyc04g082430/Solyc10g080950/Solyc02g082820",5,"Adv-Root","salmon",54
"GO:0005874","microtubule","4/34","7/3282",0.571428571428571,55.1596638655462,14.6741816742073,3.29032517548948e-07,4.71613275153492e-06,4.04075021551339e-06,"Solyc03g113680/Solyc12g005480/Solyc02g067100/Solyc10g008210",4,"Adv-Root","salmon",54
"GO:0005504","fatty acid binding","3/34","5/3282",0.6,57.9176470588235,13.0295159908555,1.00217639890825e-05,8.61871703061097e-05,7.38445767616607e-05,"Solyc01g109390/Solyc07g065110/Solyc01g066910",3,"Adv-Root","salmon",54
"GO:0009627","systemic acquired resistance","3/34","5/3282",0.6,57.9176470588235,13.0295159908555,1.00217639890825e-05,8.61871703061097e-05,7.38445767616607e-05,"Solyc01g109390/Solyc07g065110/Solyc01g066910",3,"Adv-Root","salmon",54
"GO:0008017","microtubule binding","4/34","26/3282",0.153846153846154,14.8506787330317,7.25354141780789,0.000122241364335919,0.000876063111074083,0.000750604868729325,"Solyc07g065210/Solyc03g113680/Solyc03g007130/Solyc09g090320",4,"Adv-Root","salmon",54
"GO:0005634","nucleus","8/111","54/3282",0.148148148148148,4.38038038038038,4.68556722152352,0.000377752074289399,0.0313534221660201,0.0278343633686926,"Solyc02g092070/Solyc11g067140/Solyc01g104490/Solyc03g082430/Solyc09g090910/Solyc10g083510/Solyc01g090460/Solyc10g079730",8,"Adv-Root","black",169
"GO:0016760","cellulose synthase (UDP-forming) activity","4/72","12/3282",0.333333333333333,15.1944444444444,7.37652796618657,9.23282039345002e-05,0.00364696405541276,0.00320719024193527,"Solyc09g072820/Solyc07g005840/Solyc02g072240/Solyc04g072790",4,"Adv-Root","purple",109
"GO:0030244","cellulose biosynthetic process","4/72","12/3282",0.333333333333333,15.1944444444444,7.37652796618657,9.23282039345002e-05,0.00364696405541276,0.00320719024193527,"Solyc09g072820/Solyc07g005840/Solyc02g072240/Solyc04g072790",4,"Adv-Root","purple",109
"GO:0016413","O-acetyltransferase activity","4/72","19/3282",0.210526315789474,9.59649122807017,5.62738119732595,0.000643431124626372,0.0169436862818278,0.0149005102545055,"Solyc06g050920/Solyc03g096030/Solyc09g005630/Solyc12g014200",4,"Adv-Root","purple",109
"GO:0010411","xyloglucan metabolic process","6/176","22/3282",0.272727272727273,5.08574380165289,4.57648869938411,0.000793052119825204,0.0230908446987447,0.0211079743783539,"Solyc12g011030/Solyc12g011023/Solyc09g092520/Solyc12g017240/Solyc07g052980/Solyc03g093110",6,"Adv-Root","green",287
"GO:0005618","cell wall","6/176","23/3282",0.260869565217391,4.86462450592885,4.42677822104183,0.00102582387294651,0.0230908446987447,0.0211079743783539,"Solyc12g011030/Solyc12g011023/Solyc09g092520/Solyc12g017240/Solyc07g052980/Solyc03g093110",6,"Adv-Root","green",287
"GO:0016762","xyloglucan:xyloglucosyl transferase activity","6/176","23/3282",0.260869565217391,4.86462450592885,4.42677822104183,0.00102582387294651,0.0230908446987447,0.0211079743783539,"Solyc12g011030/Solyc12g011023/Solyc09g092520/Solyc12g017240/Solyc07g052980/Solyc03g093110",6,"Adv-Root","green",287
"GO:0042546","cell wall biogenesis","6/176","23/3282",0.260869565217391,4.86462450592885,4.42677822104183,0.00102582387294651,0.0230908446987447,0.0211079743783539,"Solyc12g011030/Solyc12g011023/Solyc09g092520/Solyc12g017240/Solyc07g052980/Solyc03g093110",6,"Adv-Root","green",287
"GO:0044042","glucan metabolic process","6/176","23/3282",0.260869565217391,4.86462450592885,4.42677822104183,0.00102582387294651,0.0230908446987447,0.0211079743783539,"Solyc12g011030/Solyc12g011023/Solyc09g092520/Solyc12g017240/Solyc07g052980/Solyc03g093110",6,"Adv-Root","green",287
"GO:0016757","glycosyltransferase activity","7/176","32/3282",0.21875,4.07919034090909,4.16608923310842,0.00121530761572341,0.0230908446987447,0.0211079743783539,"Solyc09g064470/Solyc04g078980/Solyc01g067930/Solyc03g115740/Solyc07g049610/Solyc07g044960/Solyc07g055930",7,"Adv-Root","green",287
"GO:0048046","apoplast","7/176","33/3282",0.212121212121212,3.95557851239669,4.0614708276039,0.00147385292949183,0.024002747708867,0.0219415699277731,"Solyc12g011030/Solyc12g011023/Solyc09g092520/Solyc05g052340/Solyc12g017240/Solyc07g052980/Solyc03g093110",7,"Adv-Root","green",287
"GO:0022857","transmembrane transporter activity","6/35","86/3282",0.0697674418604651,6.5421926910299,5.40659022179013,0.000239565315060797,0.00710713827339463,0.00690572139924985,"Solyc08g075570/Solyc01g010350/Solyc06g075500/Solyc03g005555/Solyc09g010360/Solyc10g049280",6,"Adv-Root","midnightblue",43
"GO:0055085","transmembrane transport","8/35","174/3282",0.0459770114942529,4.31133004926108,4.65942775521282,0.000364468629404853,0.00710713827339463,0.00690572139924985,"Solyc08g082990/Solyc08g075570/Solyc01g010350/Solyc06g075500/Solyc03g005555/Solyc03g025350/Solyc07g014680/Solyc10g049280",8,"Adv-Root","midnightblue",43
"GO:0016020","membrane","11/35","352/3282",0.03125,2.93035714285714,3.97897473515132,0.000713835095633947,0.00927985624324131,0.00901686436590249,"Solyc08g075570/Solyc01g010350/Solyc06g010010/Solyc06g075500/Solyc03g005555/Solyc03g025350/Solyc02g071090/Solyc09g010360/Solyc10g049280/Solyc03g007360/Solyc01g073660",11,"Adv-Root","midnightblue",43
"GO:0003700","DNA-binding transcription factor activity","16/86","204/3282",0.0784313725490196,2.99316005471956,4.82138604212797,5.47351007005184e-05,0.00399566235113784,0.00339933783297956,"Solyc06g035490/Solyc12g099130/Solyc04g012050/Solyc03g007380/Solyc03g119370/Solyc02g078130/Solyc05g052050/Solyc09g066340/Solyc04g078640/Solyc12g056590/Solyc08g081610/Solyc12g099120/Solyc01g057080/Solyc02g078620/Solyc03g114230/Solyc06g062520",16,"Adv-Root","pink",141
"GO:0061630","ubiquitin protein ligase activity","5/86","20/3282",0.25,9.5406976744186,6.28369828298046,0.000125002116940838,0.00456257726834058,0.00388164468395233,"Solyc06g074140/Solyc11g068940/Solyc11g006030/Solyc01g005160/Solyc01g007000",5,"Adv-Root","pink",141
"GO:0016567","protein ubiquitination","6/86","37/3282",0.162162162162162,6.18856065367693,5.2058226052474,0.000328994043719164,0.00800552173049965,0.00681075388751953,"Solyc06g074140/Solyc11g068940/Solyc11g006030/Solyc01g005160/Solyc01g007000/Solyc06g053640",6,"Adv-Root","pink",141
"GO:0004842","ubiquitin-protein transferase activity","5/86","28/3282",0.178571428571429,6.81478405315615,5.06818883218999,0.000671623654702299,0.0122571316983169,0.0104278409545883,"Solyc06g074140/Solyc11g068940/Solyc11g006030/Solyc01g005160/Solyc01g007000",5,"Adv-Root","pink",141
"GO:0006357","regulation of transcription by RNA polymerase II","3/86","8/3282",0.375,14.3110465116279,6.18253825686491,0.00088477763095084,0.0129177534118823,0.0109898695212841,"Solyc06g035490/Solyc02g078130/Solyc03g114230",3,"Adv-Root","pink",141
"GO:0016830","carbon-carbon lyase activity","3/86","11/3282",0.272727272727273,10.4080338266385,5.12629855985541,0.00246217490945924,0.0299564613984208,0.0254856701154553,"Solyc08g068630/Solyc04g025530/Solyc08g068610",3,"Adv-Root","pink",141
"GO:0019752","carboxylic acid metabolic process","3/86","13/3282",0.230769230769231,8.80679785330948,4.62579204988253,0.00410871671406602,0.0428480457324028,0.0364532761097587,"Solyc08g068630/Solyc04g025530/Solyc08g068610",3,"Adv-Root","pink",141
"GO:0005515","protein binding","175/682","405/3282",0.432098765432099,2.07939611165418,11.8808375708892,2.96369279115758e-28,5.21609931243734e-26,4.99148259563381e-26,"Solyc07g008210/Solyc04g074020/Solyc12g009730/Solyc07g007400/Solyc05g052570/Solyc03g113850/Solyc01g107670/Solyc03g083100/Solyc01g060050/Solyc06g068230/Solyc06g066380/Solyc07g041510/Solyc08g076730/Solyc05g013160/Solyc02g072470/Solyc01g102850/Solyc08g066010/Solyc01g102710/Solyc01g095690/Solyc03g093250/Solyc11g005190/Solyc10g081880/Solyc12g021310/Solyc03g098420/Solyc09g090810/Solyc06g066770/Solyc06g076040/Solyc02g032490/Solyc07g008090/Solyc11g012570/Solyc06g007850/Solyc03g114160/Solyc11g005940/Solyc10g083470/Solyc03g118620/Solyc03g043700/Solyc04g077010/Solyc04g007210/Solyc10g078250/Solyc06g065260/Solyc11g017280/Solyc03g113010/Solyc01g008660/Solyc02g086440/Solyc05g046280/Solyc04g008430/Solyc04g005910/Solyc03g118790/Solyc05g050630/Solyc08g066760/Solyc07g006030/Solyc03g116560/Solyc12g009720/Solyc03g119540/Solyc08g023590/Solyc02g092620/Solyc08g048430/Solyc01g100450/Solyc02g088140/Solyc07g019650/Solyc02g064720/Solyc03g117420/Solyc09g057910/Solyc05g013400/Solyc02g014150/Solyc07g018360/Solyc01g007850/Solyc07g063450/Solyc12g013840/Solyc03g034080/Solyc02g071800/Solyc02g032480/Solyc07g008480/Solyc12g055940/Solyc02g068820/Solyc04g076460/Solyc08g067060/Solyc07g042030/Solyc01g111020/Solyc12g096710/Solyc01g081320/Solyc01g106500/Solyc02g093590/Solyc01g111470/Solyc04g081590/Solyc08g013760/Solyc08g044400/Solyc03g082870/Solyc09g005860/Solyc08g005333/Solyc07g052940/Solyc05g044610/Solyc12g009530/Solyc01g096210/Solyc11g045510/Solyc01g109080/Solyc04g008410/Solyc09g014210/Solyc06g036410/Solyc09g092050/Solyc09g018230/Solyc12g099550/Solyc01g102550/Solyc02g032650/Solyc11g042470/Solyc02g081200/Solyc04g009220/Solyc02g086330/Solyc10g011690/Solyc02g031860/Solyc07g054600/Solyc10g081910/Solyc07g047820/Solyc11g015890/Solyc11g045220/Solyc06g066430/Solyc09g005740/Solyc03g007050/Solyc08g005420/Solyc12g013600/Solyc08g061560/Solyc02g072010/Solyc07g054480/Solyc11g006360/Solyc03g093150/Solyc10g006820/Solyc02g031910/Solyc01g081050/Solyc02g087200/Solyc09g090780/Solyc09g072650/Solyc07g054610/Solyc04g076520/Solyc07g056410/Solyc01g108410/Solyc05g010780/Solyc07g054370/Solyc03g006100/Solyc06g073780/Solyc07g045510/Solyc07g056580/Solyc08g076150/Solyc02g150128/Solyc01g009700/Solyc07g015800/Solyc02g082690/Solyc07g052290/Solyc05g013200/Solyc06g017970/Solyc10g008510/Solyc12g010740/Solyc04g051870/Solyc07g025250/Solyc03g097940/Solyc11g008110/Solyc05g006630/Solyc01g101150/Solyc09g090220/Solyc12g100000/Solyc02g083780/Solyc12g008400/Solyc07g055220/Solyc04g082870/Solyc09g072880/Solyc09g091690/Solyc11g069990/Solyc02g064940/Solyc02g062910/Solyc01g100650/Solyc10g054730/Solyc01g073950/Solyc12g006240/Solyc03g093330/Solyc03g059490/Solyc04g050540",175,"Adv-Root","blue",998
"GO:0003723","RNA binding","31/682","49/3282",0.63265306122449,3.04452690166976,7.38408429026919,9.64615632153815e-11,8.48861756295357e-09,8.12307900761107e-09,"Solyc06g066470/Solyc06g066380/Solyc01g102570/Solyc01g095690/Solyc03g098420/Solyc11g012570/Solyc08g066120/Solyc05g046280/Solyc01g088100/Solyc02g077280/Solyc01g007850/Solyc12g099180/Solyc07g008480/Solyc02g081530/Solyc09g092050/Solyc11g045220/Solyc02g072010/Solyc09g090780/Solyc04g014210/Solyc01g105040/Solyc05g055010/Solyc12g015710/Solyc07g045510/Solyc08g076150/Solyc05g013200/Solyc01g111420/Solyc09g090220/Solyc10g079160/Solyc04g082870/Solyc12g095890/Solyc10g054730",31,"Adv-Root","blue",998
"GO:0009451","RNA modification","16/682","18/3282",0.888888888888889,4.27761485826002,7.14048523994004,1.04927069278032e-09,6.15572139764451e-08,5.89064248578422e-08,"Solyc06g066380/Solyc01g095690/Solyc03g098420/Solyc11g012570/Solyc05g046280/Solyc01g007850/Solyc07g008480/Solyc09g092050/Solyc02g072010/Solyc09g090780/Solyc07g045510/Solyc08g076150/Solyc05g013200/Solyc09g090220/Solyc04g082870/Solyc10g054730",16,"Adv-Root","blue",998
"GO:0043531","ADP binding","27/682","53/3282",0.509433962264151,2.45155757206883,5.45565383756283,8.93405043938995e-07,3.93098219333158e-05,3.76170544816419e-05,"Solyc05g012890/Solyc12g044200/Solyc12g016220/Solyc10g085460/Solyc01g102850/Solyc07g053010/Solyc04g008205/Solyc01g073985/Solyc04g009260/Solyc02g084890/Solyc04g009290/Solyc03g078300/Solyc05g013280/Solyc11g011080/Solyc05g013260/Solyc02g090380/Solyc09g098100/Solyc04g005550/Solyc05g005130/Solyc01g014840/Solyc10g008230/Solyc02g036270/Solyc02g032650/Solyc10g051050/Solyc04g008130/Solyc09g092300/Solyc11g006640",27,"Adv-Root","blue",998
"GO:0008270","zinc ion binding","30/682","71/3282",0.422535211267606,2.03337326008839,4.50790618754694,2.80732649685641e-05,0.000988178926893455,0.000945625767362158,"Solyc08g067960/Solyc09g074670/Solyc04g074530/Solyc06g005000/Solyc01g095690/Solyc03g098420/Solyc09g090810/Solyc04g007210/Solyc03g119540/Solyc08g079700/Solyc02g068550/Solyc01g067600/Solyc01g007850/Solyc11g069350/Solyc08g060840/Solyc10g075030/Solyc09g092050/Solyc01g109280/Solyc04g014210/Solyc03g059123/Solyc07g045510/Solyc04g007470/Solyc08g076150/Solyc05g013200/Solyc03g119780/Solyc09g090220/Solyc04g082870/Solyc10g084220/Solyc04g009600/Solyc12g006240",30,"Adv-Root","blue",998
"GO:0009535","chloroplast thylakoid membrane","5/682","6/3282",0.833333333333333,4.01026392961877,3.77934798760018,0.00190225516865766,0.0478281299548212,0.0457685454113121,"Solyc08g007770/Solyc12g036170/Solyc08g080050/Solyc05g026570/Solyc10g005180",5,"Adv-Root","blue",998
"GO:0009773","photosynthetic electron transport in photosystem I","5/682","6/3282",0.833333333333333,4.01026392961877,3.77934798760018,0.00190225516865766,0.0478281299548212,0.0457685454113121,"Solyc08g007770/Solyc12g036170/Solyc08g080050/Solyc05g026570/Solyc03g116870",5,"Adv-Root","blue",998
"GO:0008017","microtubule binding","4/50","26/3282",0.153846153846154,10.0984615384615,5.79248450521067,0.000556903958250807,0.0168793988084104,0.014133467901779,"Solyc09g010060/Solyc02g062330/Solyc01g098980/Solyc02g092950",4,"Adv-Root","greenyellow",82
"GO:0005524","ATP binding","15/50","410/3282",0.0365853658536585,2.40146341463415,3.77254055205111,0.00076724540038229,0.0168793988084104,0.014133467901779,"Solyc02g085390/Solyc04g077510/Solyc03g118510/Solyc09g010060/Solyc04g081080/Solyc09g091650/Solyc02g062330/Solyc09g091400/Solyc05g010340/Solyc01g098980/Solyc01g106055/Solyc02g087980/Solyc02g070780/Solyc01g087500/Solyc03g093260",15,"Adv-Root","greenyellow",82
"GO:0005634","nucleus","5/50","54/3282",0.0925925925925926,6.07777777777778,4.67903451543152,0.00120647385422318,0.0176949498619399,0.0148163455781794,"Solyc03g120380/Solyc01g090760/Solyc04g077510/Solyc10g078700/Solyc08g066510",5,"Adv-Root","greenyellow",82
"GO:0005515","protein binding","14/50","405/3282",0.0345679012345679,2.26903703703704,3.39222241235561,0.00211845532239889,0.0199153728327339,0.0166755514149686,"Solyc07g048000/Solyc09g092690/Solyc01g099210/Solyc02g090480/Solyc03g118510/Solyc08g083240/Solyc04g081080/Solyc09g091400/Solyc03g114690/Solyc03g096870/Solyc02g092950/Solyc03g093310/Solyc02g087980/Solyc03g093260",14,"Adv-Root","greenyellow",82
"GO:0003777","microtubule motor activity","3/50","19/3282",0.157894736842105,10.3642105263158,5.09086843822619,0.00271573265900917,0.0199153728327339,0.0166755514149686,"Solyc09g010060/Solyc02g062330/Solyc01g098980",3,"Adv-Root","greenyellow",82
"GO:0007018","microtubule-based movement","3/50","19/3282",0.157894736842105,10.3642105263158,5.09086843822619,0.00271573265900917,0.0199153728327339,0.0166755514149686,"Solyc09g010060/Solyc02g062330/Solyc01g098980",3,"Adv-Root","greenyellow",82
"GO:0045893","positive regulation of DNA-templated transcription","2/50","8/3282",0.25,16.41,5.42701142655654,0.00600754611829547,0.0377617184578572,0.0316186637805025,"Solyc01g090760/Solyc08g066510",2,"Adv-Root","greenyellow",82
"GO:0009765","photosynthesis, light harvesting","14/37","15/3282",0.933333333333333,82.7891891891892,33.8971817379702,4.84830210956255e-28,1.30904156958189e-26,1.07172994000856e-26,"Solyc02g071030/Solyc02g070990/Solyc07g063600/Solyc03g115900/Solyc03g005770/Solyc03g005760/Solyc01g105030/Solyc02g070980/Solyc05g056050/Solyc02g070940/Solyc07g047850/Solyc03g005780/Solyc10g006230/Solyc12g006140",14,"Adv-Root","cyan",50
"GO:0015979","photosynthesis","5/37","9/3282",0.555555555555556,49.2792792792793,15.4848020163803,1.68024236592893e-08,2.26832719400405e-07,1.85710998339513e-07,"Solyc12g044280/Solyc06g066640/Solyc09g063130/Solyc07g066150/Solyc09g065910",5,"Adv-Root","cyan",50
"GO:0009522","photosystem I","4/37","5/3282",0.8,70.9621621621622,16.7150096210441,6.78811652350307e-08,6.10930487115276e-07,5.00177006994963e-07,"Solyc12g044280/Solyc06g066640/Solyc09g063130/Solyc07g066150",4,"Adv-Root","cyan",50
"GO:0016020","membrane","15/37","352/3282",0.0426136363636364,3.77994471744472,5.89345955915475,2.18858684320538e-06,1.47729611916363e-05,1.20948220282403e-05,"Solyc02g071030/Solyc02g070990/Solyc07g063600/Solyc03g115900/Solyc03g005770/Solyc03g005760/Solyc01g105030/Solyc02g070980/Solyc05g056050/Solyc02g070940/Solyc07g047850/Solyc03g005780/Solyc07g066150/Solyc10g006230/Solyc12g006140",15,"Adv-Root","cyan",50
"GO:0006096","glycolytic process","3/37","8/3282",0.375,33.2635135135135,9.75470057666128,7.10883061190115e-05,0.000383876853042662,0.000314285142841945,"Solyc01g110360/Solyc02g062340/Solyc02g084440",3,"Adv-Root","cyan",50
"GO:0009507","chloroplast","2/37","7/3282",0.285714285714286,25.3436293436293,6.88375367476341,0.00250666837344281,0.0112800076804926,0.00923509400742088,"Solyc09g092110/Solyc09g065910",2,"Adv-Root","cyan",50
"GO:0006468","protein phosphorylation","13/31","263/3282",0.0494296577946768,5.23316570587514,6.98854979910254,2.33505109133197e-07,4.85365043895096e-06,4.43685497189423e-06,"Solyc02g079990/Solyc07g055670/Solyc06g071810/Solyc04g074050/Solyc06g062920/Solyc04g081910/Solyc08g066310/Solyc02g014030/Solyc03g083470/Solyc11g017270/Solyc02g072520/Solyc11g020230/Solyc11g005630",13,"Adv-Root","lightcyan",36
"GO:0004672","protein kinase activity","13/31","265/3282",0.0490566037735849,5.19367011564212,6.95192413425992,2.55455286260577e-07,4.85365043895096e-06,4.43685497189423e-06,"Solyc02g079990/Solyc07g055670/Solyc06g071810/Solyc04g074050/Solyc06g062920/Solyc04g081910/Solyc08g066310/Solyc02g014030/Solyc03g083470/Solyc11g017270/Solyc02g072520/Solyc11g020230/Solyc11g005630",13,"Adv-Root","lightcyan",36
"GO:0005524","ATP binding","13/31","410/3282",0.0317073170731707,3.35688434303698,4.98096464713378,3.68068287903777e-05,0.000466219831344784,0.000426184333362268,"Solyc02g079990/Solyc07g055670/Solyc06g071810/Solyc04g074050/Solyc06g062920/Solyc04g081910/Solyc08g066310/Solyc02g014030/Solyc03g083470/Solyc11g017270/Solyc02g072520/Solyc11g020230/Solyc11g005630",13,"Adv-Root","lightcyan",36
